Address Book Service

UC1:
mysql> create database address_book_service;
Query OK, 1 row affected (0.36 sec)
mysql> use address_book_service;
Database changed

UC2:
mysql> create table address_book(first_name varchar(50) not null, last_name varchar(50) not null, address varchar(100)not null, city varchar(25) not null, state varchar(25) not null, zip int not null, phone_number varchar(12) not null, email varchar(30) not null, primary key(first_name)) ENGINE=InnoDB default charset = latin1;
Query OK, 0 rows affected (2.42 sec)

UC3:
mysql> insert into address_book(first_name,last_name,address,city,state,zip,phone_number,email) values ('Elizabeth','Burns','H1 Recidence, Elsa Street, Newtown,Natveille','NewTown','Natveille',23452,'919134534463','eliza@gmail.com');
Query OK, 1 row affected (0.26 sec)
mysql> insert into address_book(first_name,last_name,address,city,state,zip,phone_number,email) values ('Betty','Jenkins','Hayaat Recidence, Mayleaf Street, New City,Hompton','New City','Hompton',23782,'919349994603','betty@gmail.com');
Query OK, 1 row affected (0.19 sec)

UC4:
mysql> select * from address_book;
+------------+-----------+----------------------------------------------------+----------+-----------+-------+--------------+-----------------+
| first_name | last_name | address                                            | city     | state     | zip   | phone_number | email           |
+------------+-----------+----------------------------------------------------+----------+-----------+-------+--------------+-----------------+
| Betty      | Jenkins   | Hayaat Recidence, Mayleaf Street, New City,Hompton | New City | Hompton   | 23782 | 919349994603 | betty@gmail.com |
| Elizabeth  | Burns     | H1 Recidence, Elsa Street, Newtown,Natveille       | NewTown  | Natveille | 23452 | 919134534463 | eliza@gmail.com |
+------------+-----------+----------------------------------------------------+----------+-----------+-------+--------------+-----------------+
2 rows in set (0.00 sec)

mysql> update address_book set city='Tellywoods', address='Matte Residency, Tellywoods, Natveille' where first_name = 'Elizabeth';
Query OK, 1 row affected (0.14 sec)
Rows matched: 1  Changed: 1  Warnings: 0

mysql> select * from address_book;
+------------+-----------+----------------------------------------------------+------------+-----------+-------+--------------+-----------------+
| first_name | last_name | address                                            | city       | state     | zip   | phone_number | email           |
+------------+-----------+----------------------------------------------------+------------+-----------+-------+--------------+-----------------+
| Betty      | Jenkins   | Hayaat Recidence, Mayleaf Street, New City,Hompton | New City   | Hompton   | 23782 | 919349994603 | betty@gmail.com |
| Elizabeth  | Burns     | Matte Residency, Tellywoods, Natveille             | Tellywoods | Natveille | 23452 | 919134534463 | eliza@gmail.com |
+------------+-----------+----------------------------------------------------+------------+-----------+-------+--------------+-----------------+
2 rows in set (0.00 sec)

UC5:
mysql> select * from address_book;
+------------+-----------+----------------------------------------------------+------------+-----------+-------+--------------+-----------------+
| first_name | last_name | address                                            | city       | state     | zip   | phone_number | email           |
+------------+-----------+----------------------------------------------------+------------+-----------+-------+--------------+-----------------+
| Betty      | Jenkins   | Hayaat Recidence, Mayleaf Street, New City,Hompton | New City   | Hompton   | 23782 | 919349994603 | betty@gmail.com |
| Elizabeth  | Burns     | Matte Residency, Tellywoods, Natveille             | Tellywoods | Natveille | 23452 | 919134534463 | eliza@gmail.com |
+------------+-----------+----------------------------------------------------+------------+-----------+-------+--------------+-----------------+
2 rows in set (0.00 sec)

mysql> delete from address_book where first_name = 'Betty';
Query OK, 1 row affected (0.08 sec)

mysql> select * from address_book;
+------------+-----------+----------------------------------------+------------+-----------+-------+--------------+-----------------+
| first_name | last_name | address                                | city       | state     | zip   | phone_number | email           |
+------------+-----------+----------------------------------------+------------+-----------+-------+--------------+-----------------+
| Elizabeth  | Burns     | Matte Residency, Tellywoods, Natveille | Tellywoods | Natveille | 23452 | 919134534463 | eliza@gmail.com |
+------------+-----------+----------------------------------------+------------+-----------+-------+--------------+-----------------+
1 row in set (0.10 sec)

UC6:
// added more sample data in table
mysql> insert into address_book(first_name,last_name,address,city,state,zip,phone_number,email) values ('Sophia','Grahams','Turkish Residence, MapleForest Street, New City, Hayworth','New City','Hayworth',23782,'919349994603','sophia@gmail.com');
Query OK, 1 row affected (0.13 sec)

mysql> insert into address_book(first_name,last_name,address,city,state,zip,phone_number,email) values ('Stephan','Markel','Baybeach Residence, HayFlour Street, New City, Hayworth','New City','Hayworth',235682,'919349784603','stephan@gmail.com');
Query OK, 1 row affected (0.13 sec)

// table records
mysql> select * from address_book;
+------------+-----------+-----------------------------------------------------------+------------+-----------+--------+--------------+-------------------+
| first_name | last_name | address                                                   | city       | state     | zip    | phone_number | email             |
+------------+-----------+-----------------------------------------------------------+------------+-----------+--------+--------------+-------------------+
| Elizabeth  | Burns     | Matte Residency, Tellywoods, Natveille                    | Tellywoods | Natveille |  23452 | 919134534463 | eliza@gmail.com   |
| Sophia     | Grahams   | Turkish Residence, MapleForest Street, New City, Hayworth | New City   | Hayworth  |  23782 | 919349994603 | sophia@gmail.com  |
| Stephan    | Markel    | Baybeach Residence, HayFlour Street, New City, Hayworth   | New City   | Hayworth  | 235682 | 919349784603 | stephan@gmail.com |
+------------+-----------+-----------------------------------------------------------+------------+-----------+--------+--------------+-------------------+
3 rows in set (0.00 sec)
// solution
mysql> select * from address_book where city='New City' and state='Hayworth';
+------------+-----------+-----------------------------------------------------------+----------+----------+--------+--------------+-------------------+
| first_name | last_name | address                                                   | city     | state    | zip    | phone_number | email             |
+------------+-----------+-----------------------------------------------------------+----------+----------+--------+--------------+-------------------+
| Sophia     | Grahams   | Turkish Residence, MapleForest Street, New City, Hayworth | New City | Hayworth |  23782 | 919349994603 | sophia@gmail.com  |
| Stephan    | Markel    | Baybeach Residence, HayFlour Street, New City, Hayworth   | New City | Hayworth | 235682 | 919349784603 | stephan@gmail.com |
+------------+-----------+-----------------------------------------------------------+----------+----------+--------+--------------+-------------------+
2 rows in set (0.00 sec)
mysql> select * from address_book where city='New City' or state='Natveille';
+------------+-----------+-----------------------------------------------------------+------------+-----------+--------+--------------+-------------------+
| first_name | last_name | address                                                   | city       | state     | zip    | phone_number | email             |
+------------+-----------+-----------------------------------------------------------+------------+-----------+--------+--------------+-------------------+
| Elizabeth  | Burns     | Matte Residency, Tellywoods, Natveille                    | Tellywoods | Natveille |  23452 | 919134534463 | eliza@gmail.com   |
| Sophia     | Grahams   | Turkish Residence, MapleForest Street, New City, Hayworth | New City   | Hayworth  |  23782 | 919349994603 | sophia@gmail.com  |
| Stephan    | Markel    | Baybeach Residence, HayFlour Street, New City, Hayworth   | New City   | Hayworth  | 235682 | 919349784603 | stephan@gmail.com |
+------------+-----------+-----------------------------------------------------------+------------+-----------+--------+--------------+-------------------+
3 rows in set (0.00 sec)

UC7:
mysql> select count(first_name) from address_book where city='New City' or state='Natveille';
+-------------------+
| count(first_name) |
+-------------------+
|                 3 |
+-------------------+
1 row in set (0.00 sec)

mysql> select count(first_name) from address_book where city='New City' or state='Hayworth';
+-------------------+
| count(first_name) |
+-------------------+
|                 2 |
+-------------------+
1 row in set (0.00 sec)

mysql> select count(first_name) from address_book where city='New City' and state='Natveille';
+-------------------+
| count(first_name) |
+-------------------+
|                 0 |
+-------------------+
1 row in set (0.00 sec)

UC8:
// added more sample data
mysql> insert into address_book(first_name,last_name,address,city,state,zip,phone_number,email) values ('Cellery','Jenkins','Baybeach Residence, JaneBluewich, New City, Haymon','New City','Haymon',235667,'919349784893','cellery@gmail.com');
Query OK, 1 row affected (0.24 sec)
+------------+-----------+-----------------------------------------------------------+----------+----------+--------+--------------+-------------------+
| first_name | last_name | address                                                   | city     | state    | zip    | phone_number | email             |
+------------+-----------+-----------------------------------------------------------+----------+----------+--------+--------------+-------------------+
| Cellery    | Jenkins   | Baybeach Residence, JaneBluewich, New City, Haymon        | New City | Haymon   | 235667 | 919349784893 | cellery@gmail.com |
| Sophia     | Grahams   | Turkish Residence, MapleForest Street, New City, Hayworth | New City | Hayworth |  23782 | 919349994603 | sophia@gmail.com  |
| Stephan    | Markel    | Baybeach Residence, HayFlour Street, New City, Hayworth   | New City | Hayworth | 235682 | 919349784603 | stephan@gmail.com |
+------------+-----------+-----------------------------------------------------------+----------+----------+--------+--------------+-------------------+
3 rows in set (0.00 sec)

UC9:
mysql> alter table address_book add name varchar(20) not null, add type varchar(15) not null;
Query OK, 0 rows affected (2.42 sec)
Records: 0  Duplicates: 0  Warnings: 0
mysql> select * from address_book;
+------------+-----------+-----------------------------------------------------------+------------+-----------+--------+--------------+-------------------+------+------+
| first_name | last_name | address                                                   | city       | state     | zip    | phone_number | email             | name | type |
+------------+-----------+-----------------------------------------------------------+------------+-----------+--------+--------------+-------------------+------+------+
| Cellery    | Jenkins   | Baybeach Residence, JaneBluewich, New City, Haymon        | New City   | Haymon    | 235667 | 919349784893 | cellery@gmail.com |      |      |
| Elizabeth  | Burns     | Matte Residency, Tellywoods, Natveille                    | Tellywoods | Natveille |  23452 | 919134534463 | eliza@gmail.com   |      |      |
| Sophia     | Grahams   | Turkish Residence, MapleForest Street, New City, Hayworth | New City   | Hayworth  |  23782 | 919349994603 | sophia@gmail.com  |      |      |
| Stephan    | Markel    | Baybeach Residence, HayFlour Street, New City, Hayworth   | New City   | Hayworth  | 235682 | 919349784603 | stephan@gmail.com |      |      |
+------------+-----------+-----------------------------------------------------------+------------+-----------+--------+--------------+-------------------+------+------+
4 rows in set (0.00 sec)
mysql> update address_book set name='Book-A',type='Friends' where first_name = 'Cellery';
Query OK, 1 row affected (0.09 sec)
Rows matched: 1  Changed: 1  Warnings: 0

mysql> update address_book set name='Book-B',type='Family' where first_name = 'Elizabeth';
Query OK, 1 row affected (0.10 sec)
Rows matched: 1  Changed: 1  Warnings: 0

mysql> update address_book set name='Book-A',type='Profession' where first_name = 'Sophia';
Query OK, 1 row affected (0.09 sec)
Rows matched: 1  Changed: 1  Warnings: 0

mysql> update address_book set name='Book-B',type='Profession' where first_name = 'Stephan';
Query OK, 1 row affected (0.17 sec)
Rows matched: 1  Changed: 1  Warnings: 0

mysql> select * from address_book;
+------------+-----------+-----------------------------------------------------------+------------+-----------+--------+--------------+-------------------+--------+------------+
| first_name | last_name | address                                                   | city       | state     | zip    | phone_number | email             | name   | type       |
+------------+-----------+-----------------------------------------------------------+------------+-----------+--------+--------------+-------------------+--------+------------+
| Cellery    | Jenkins   | Baybeach Residence, JaneBluewich, New City, Haymon        | New City   | Haymon    | 235667 | 919349784893 | cellery@gmail.com | Book-A | Friends    |
| Elizabeth  | Burns     | Matte Residency, Tellywoods, Natveille                    | Tellywoods | Natveille |  23452 | 919134534463 | eliza@gmail.com   | Book-B | Family     |
| Sophia     | Grahams   | Turkish Residence, MapleForest Street, New City, Hayworth | New City   | Hayworth  |  23782 | 919349994603 | sophia@gmail.com  | Book-A | Profession |
| Stephan    | Markel    | Baybeach Residence, HayFlour Street, New City, Hayworth   | New City   | Hayworth  | 235682 | 919349784603 | stephan@gmail.com | Book-B | Profession |
+------------+-----------+-----------------------------------------------------------+------------+-----------+--------+--------------+-------------------+--------+------------+
4 rows in set (0.00 sec)

UC10:
// added more data
mysql> insert into address_book(first_name,last_name,address,city,state,zip,phone_number,email,name,type) values ('Betty','Jones','Bayleaf Residence, BlueStreet, Newman, Greenward','Newman','Greenward',235689,'919368784893','betty@gmail.com','Book-A','Family');
Query OK, 1 row affected (0.08 sec)

mysql> select count(type) from address_book where type='Friends';
+-------------+
| count(type) |
+-------------+
|           1 |
+-------------+
1 row in set (0.00 sec)
mysql> select count(type) from address_book where type='Family';
+-------------+
| count(type) |
+-------------+
|           2 |
+-------------+
1 row in set (0.00 sec)
mysql> select count(type) from address_book where type='Profession';
+-------------+
| count(type) |
+-------------+
|           2 |
+-------------+
1 row in set (0.00 sec)
mysql> select count(type) from address_book;
+-------------+
| count(type) |
+-------------+
|           5 |
+-------------+
1 row in set (0.10 sec)

UC11:
mysql> insert into address_book(first_name,last_name,address,city,state,zip,phone_number,email,name,type) values ('Billy','Mason','Blue Residence, New Street, Newman, Greenward','Newman','Greenward',235656,'919368564893','billy@gmail.com','Book-A','Family');
Query OK, 1 row affected (0.24 sec)

mysql> insert into address_book(first_name,last_name,address,city,state,zip,phone_number,email,name,type) values ('Georgia','Locks','Moon Residence, Blue Beach, Norman, Centwine','Norman','Centwine',256689,'919356784893','georgia@gmail.com','Book-A','Friends');
Query OK, 1 row affected (0.20 sec)

mysql> select * from address_book;
+------------+-----------+-----------------------------------------------------------+------------+-----------+--------+--------------+-------------------+--------+------------+
| first_name | last_name | address                                                   | city       | state     | zip    | phone_number | email             | name   | type       |
+------------+-----------+-----------------------------------------------------------+------------+-----------+--------+--------------+-------------------+--------+------------+
| Betty      | Jones     | Bayleaf Residence, BlueStreet, Newman, Greenward          | Newman     | Greenward | 235689 | 919368784893 | betty@gmail.com   | Book-A | Family     |
| Billy      | Mason     | Blue Residence, New Street, Newman, Greenward             | Newman     | Greenward | 235656 | 919368564893 | billy@gmail.com   | Book-A | Family     |
| Cellery    | Jenkins   | Baybeach Residence, JaneBluewich, New City, Haymon        | New City   | Haymon    | 235667 | 919349784893 | cellery@gmail.com | Book-A | Friends    |
| Elizabeth  | Burns     | Matte Residency, Tellywoods, Natveille                    | Tellywoods | Natveille |  23452 | 919134534463 | eliza@gmail.com   | Book-B | Family     |
| Georgia    | Locks     | Moon Residence, Blue Beach, Norman, Centwine              | Norman     | Centwine  | 256689 | 919356784893 | georgia@gmail.com | Book-A | Friends    |
| Sophia     | Grahams   | Turkish Residence, MapleForest Street, New City, Hayworth | New City   | Hayworth  |  23782 | 919349994603 | sophia@gmail.com  | Book-A | Profession |
| Stephan    | Markel    | Baybeach Residence, HayFlour Street, New City, Hayworth   | New City   | Hayworth  | 235682 | 919349784603 | stephan@gmail.com | Book-B | Profession |
+------------+-----------+-----------------------------------------------------------+------------+-----------+--------+--------------+-------------------+--------+------------+
7 rows in set (0.03 sec)

mysql> select * from address_book;
+------------+-----------+-----------------------------------------------------------+------------+-----------+--------+--------------+-------------------+--------+------------+
| first_name | last_name | address                                                   | city       | state     | zip    | phone_number | email             | name   | type       |
+------------+-----------+-----------------------------------------------------------+------------+-----------+--------+--------------+-------------------+--------+------------+
| Betty      | Jones     | Bayleaf Residence, BlueStreet, Newman, Greenward          | Newman     | Greenward | 235689 | 919368784893 | betty@gmail.com   | Book-A | Family     |
| Billy      | Mason     | Blue Residence, New Street, Newman, Greenward             | Newman     | Greenward | 235656 | 919368564893 | billy@gmail.com   | Book-A | Family     |
| Cellery    | Jenkins   | Baybeach Residence, JaneBluewich, New City, Haymon        | New City   | Haymon    | 235667 | 919349784893 | cellery@gmail.com | Book-A | Friends    |
| Elizabeth  | Burns     | Matte Residency, Tellywoods, Natveille                    | Tellywoods | Natveille |  23452 | 919134534463 | eliza@gmail.com   | Book-B | Family     |
| Georgia    | Locks     | Moon Residence, Blue Beach, Norman, Centwine              | Norman     | Centwine  | 256689 | 919356784893 | georgia@gmail.com | Book-A | Friends    |
| Sophia     | Grahams   | Turkish Residence, MapleForest Street, New City, Hayworth | New City   | Hayworth  |  23782 | 919349994603 | sophia@gmail.com  | Book-A | Profession |
| Stephan    | Markel    | Baybeach Residence, HayFlour Street, New City, Hayworth   | New City   | Hayworth  | 235682 | 919349784603 | stephan@gmail.com | Book-B | Profession |
+------------+-----------+-----------------------------------------------------------+------------+-----------+--------+--------------+-------------------+--------+------------+
7 rows in set (0.00 sec)


UC12:
ERDiagram 